,danceability,energy,key,loudness,mode,speechiness,acousticness,instrumentalness,liveness,valence,tempo,type,id,uri,track_href,analysis_url,duration_ms,time_signature,Track Identifier,Track Name,Artist Information,Artist Name,Artist Pop,Genre of Artist,Track Pop,Album Name
0,0.273,0.405,0,-5.81,1,0.0298,0.735,0.0,0.189,0.534,89.48,audio_features,3yHyiUDJdz02FZ6jfUbsmY,spotify:track:3yHyiUDJdz02FZ6jfUbsmY,https://api.spotify.com/v1/tracks/3yHyiUDJdz02FZ6jfUbsmY,https://api.spotify.com/v1/audio-analysis/3yHyiUDJdz02FZ6jfUbsmY,271169,3,spotify:track:3yHyiUDJdz02FZ6jfUbsmY,"Satranga (From ""ANIMAL"")","{'external_urls': {'spotify': 'https://open.spotify.com/artist/4YRxDV8wJFPHPTeXepOstw'}, 'followers': {'href': None, 'total': 108520198}, 'genres': ['filmi', 'modern bollywood'], 'href': 'https://api.spotify.com/v1/artists/4YRxDV8wJFPHPTeXepOstw', 'id': '4YRxDV8wJFPHPTeXepOstw', 'images': [{'height': 640, 'url': 'https://i.scdn.co/image/ab6761610000e5eb0261696c5df3be99da6ed3f3', 'width': 640}, {'height': 320, 'url': 'https://i.scdn.co/image/ab676161000051740261696c5df3be99da6ed3f3', 'width': 320}, {'height': 160, 'url': 'https://i.scdn.co/image/ab6761610000f1780261696c5df3be99da6ed3f3', 'width': 160}], 'name': 'Arijit Singh', 'popularity': 86, 'type': 'artist', 'uri': 'spotify:artist:4YRxDV8wJFPHPTeXepOstw'}",Arijit Singh,86,"['filmi', 'modern bollywood']",82,"Satranga (From ""ANIMAL"")"
1,0.664,0.553,9,-7.555,1,0.0376,0.616,0.0,0.157,0.604,99.93,audio_features,1tf2iody5iRLYYPDSBpzRc,spotify:track:1tf2iody5iRLYYPDSBpzRc,https://api.spotify.com/v1/tracks/1tf2iody5iRLYYPDSBpzRc,https://api.spotify.com/v1/audio-analysis/1tf2iody5iRLYYPDSBpzRc,213600,4,spotify:track:1tf2iody5iRLYYPDSBpzRc,Soulmate,"{'external_urls': {'spotify': 'https://open.spotify.com/artist/0y59o4v8uw5crbN9M3JiL1'}, 'followers': {'href': None, 'total': 26025889}, 'genres': ['desi hip hop', 'desi trap', 'filmi', 'modern bollywood'], 'href': 'https://api.spotify.com/v1/artists/0y59o4v8uw5crbN9M3JiL1', 'id': '0y59o4v8uw5crbN9M3JiL1', 'images': [{'height': 640, 'url': 'https://i.scdn.co/image/ab6761610000e5ebeddbb664c4723f268a60d8c1', 'width': 640}, {'height': 320, 'url': 'https://i.scdn.co/image/ab67616100005174eddbb664c4723f268a60d8c1', 'width': 320}, {'height': 160, 'url': 'https://i.scdn.co/image/ab6761610000f178eddbb664c4723f268a60d8c1', 'width': 160}], 'name': 'Badshah', 'popularity': 74, 'type': 'artist', 'uri': 'spotify:artist:0y59o4v8uw5crbN9M3JiL1'}",Badshah,74,"['desi hip hop', 'desi trap', 'filmi', 'modern bollywood']",79,Ek Tha Raja
2,0.763,0.587,8,-8.299,0,0.0381,0.358,6.03e-06,0.13,0.794,106.977,audio_features,0M0ANKNzmM4Odd7FNKghzW,spotify:track:0M0ANKNzmM4Odd7FNKghzW,https://api.spotify.com/v1/tracks/0M0ANKNzmM4Odd7FNKghzW,https://api.spotify.com/v1/audio-analysis/0M0ANKNzmM4Odd7FNKghzW,171147,4,spotify:track:0M0ANKNzmM4Odd7FNKghzW,"Akhiyaan Gulaab (From ""Teri Baaton Mein Aisa Uljha Jiya"")","{'external_urls': {'spotify': 'https://open.spotify.com/artist/3iGhlvzpXc0UHBQ7klAItX'}, 'followers': {'href': None, 'total': 470077}, 'genres': ['desi pop'], 'href': 'https://api.spotify.com/v1/artists/3iGhlvzpXc0UHBQ7klAItX', 'id': '3iGhlvzpXc0UHBQ7klAItX', 'images': [{'height': 640, 'url': 'https://i.scdn.co/image/ab6761610000e5ebe96a339b04840c8fb801ccb4', 'width': 640}, {'height': 320, 'url': 'https://i.scdn.co/image/ab67616100005174e96a339b04840c8fb801ccb4', 'width': 320}, {'height': 160, 'url': 'https://i.scdn.co/image/ab6761610000f178e96a339b04840c8fb801ccb4', 'width': 160}], 'name': 'Mitraz', 'popularity': 67, 'type': 'artist', 'uri': 'spotify:artist:3iGhlvzpXc0UHBQ7klAItX'}",Mitraz,67,['desi pop'],82,"Akhiyaan Gulaab (From ""Teri Baaton Mein Aisa Uljha Jiya"")"
3,0.383,0.547,4,-8.862,0,0.0275,0.423,0.0466,0.147,0.236,95.068,audio_features,7hDoxkN20lLb06zifzYnD2,spotify:track:7hDoxkN20lLb06zifzYnD2,https://api.spotify.com/v1/tracks/7hDoxkN20lLb06zifzYnD2,https://api.spotify.com/v1/audio-analysis/7hDoxkN20lLb06zifzYnD2,228640,4,spotify:track:7hDoxkN20lLb06zifzYnD2,"Ishq - From ""Lost;Found""","{'external_urls': {'spotify': 'https://open.spotify.com/artist/05etL4pzWd6TSv1x5WrlG3'}, 'followers': {'href': None, 'total': 23195}, 'genres': ['kashmiri pop'], 'href': 'https://api.spotify.com/v1/artists/05etL4pzWd6TSv1x5WrlG3', 'id': '05etL4pzWd6TSv1x5WrlG3', 'images': [{'height': 640, 'url': 'https://i.scdn.co/image/ab6761610000e5eb8433322141b95f518d04b3b4', 'width': 640}, {'height': 320, 'url': 'https://i.scdn.co/image/ab676161000051748433322141b95f518d04b3b4', 'width': 320}, {'height': 160, 'url': 'https://i.scdn.co/image/ab6761610000f1788433322141b95f518d04b3b4', 'width': 160}], 'name': 'Faheem Abdullah', 'popularity': 54, 'type': 'artist', 'uri': 'spotify:artist:05etL4pzWd6TSv1x5WrlG3'}",Faheem Abdullah,54,['kashmiri pop'],74,"Ishq (From ""Lost;Found"")"
4,0.84,0.715,0,-5.141,1,0.187,0.176,0.0,0.0935,0.542,96.98,audio_features,1eZefeDb8uOsjvcbl1fJrG,spotify:track:1eZefeDb8uOsjvcbl1fJrG,https://api.spotify.com/v1/tracks/1eZefeDb8uOsjvcbl1fJrG,https://api.spotify.com/v1/audio-analysis/1eZefeDb8uOsjvcbl1fJrG,180000,4,spotify:track:1eZefeDb8uOsjvcbl1fJrG,"Naina (From ""Crew"")","{'external_urls': {'spotify': 'https://open.spotify.com/artist/2FKWNmZWDBZR4dE5KX4plR'}, 'followers': {'href': None, 'total': 19962923}, 'genres': ['filmi', 'modern bollywood', 'punjabi pop'], 'href': 'https://api.spotify.com/v1/artists/2FKWNmZWDBZR4dE5KX4plR', 'id': '2FKWNmZWDBZR4dE5KX4plR', 'images': [{'height': 640, 'url': 'https://i.scdn.co/image/ab6761610000e5ebfc043bea91ac91c222d235c9', 'width': 640}, {'height': 320, 'url': 'https://i.scdn.co/image/ab67616100005174fc043bea91ac91c222d235c9', 'width': 320}, {'height': 160, 'url': 'https://i.scdn.co/image/ab6761610000f178fc043bea91ac91c222d235c9', 'width': 160}], 'name': 'Diljit Dosanjh', 'popularity': 75, 'type': 'artist', 'uri': 'spotify:artist:2FKWNmZWDBZR4dE5KX4plR'}",Diljit Dosanjh,75,"['filmi', 'modern bollywood', 'punjabi pop']",81,"Naina (From ""Crew"")"
5,0.814,0.819,2,-3.585,1,0.0454,0.124,0.000245,0.0496,0.661,96.979,audio_features,2qBBAuIg8FUBYiJ3QRrVsP,spotify:track:2qBBAuIg8FUBYiJ3QRrVsP,https://api.spotify.com/v1/tracks/2qBBAuIg8FUBYiJ3QRrVsP,https://api.spotify.com/v1/audio-analysis/2qBBAuIg8FUBYiJ3QRrVsP,153083,4,spotify:track:2qBBAuIg8FUBYiJ3QRrVsP,Teri Baaton Mein Aisa Uljha Jiya Title Song,"{'external_urls': {'spotify': 'https://open.spotify.com/artist/5PVSEFUT4Inqu3yEq56Ku9'}, 'followers': {'href': None, 'total': 123452}, 'genres': ['desi pop', 'hindi indie'], 'href': 'https://api.spotify.com/v1/artists/5PVSEFUT4Inqu3yEq56Ku9', 'id': '5PVSEFUT4Inqu3yEq56Ku9', 'images': [{'height': 640, 'url': 'https://i.scdn.co/image/ab6761610000e5eb0700154b8f493787dd1bb2f3', 'width': 640}, {'height': 320, 'url': 'https://i.scdn.co/image/ab676161000051740700154b8f493787dd1bb2f3', 'width': 320}, {'height': 160, 'url': 'https://i.scdn.co/image/ab6761610000f1780700154b8f493787dd1bb2f3', 'width': 160}], 'name': 'Raghav', 'popularity': 60, 'type': 'artist', 'uri': 'spotify:artist:5PVSEFUT4Inqu3yEq56Ku9'}",Raghav,60,"['desi pop', 'hindi indie']",70,Teri Baaton Mein Aisa Uljha Jiya
6,0.888,0.598,0,-6.476,0,0.42,0.198,0.0,0.072,0.769,98.165,audio_features,3YVbYgFSd2Whua4QUiIjUc,spotify:track:3YVbYgFSd2Whua4QUiIjUc,https://api.spotify.com/v1/tracks/3YVbYgFSd2Whua4QUiIjUc,https://api.spotify.com/v1/audio-analysis/3YVbYgFSd2Whua4QUiIjUc,208163,4,spotify:track:3YVbYgFSd2Whua4QUiIjUc,Oâ€™Sajna,"{'external_urls': {'spotify': 'https://open.spotify.com/artist/0y59o4v8uw5crbN9M3JiL1'}, 'followers': {'href': None, 'total': 26025889}, 'genres': ['desi hip hop', 'desi trap', 'filmi', 'modern bollywood'], 'href': 'https://api.spotify.com/v1/artists/0y59o4v8uw5crbN9M3JiL1', 'id': '0y59o4v8uw5crbN9M3JiL1', 'images': [{'height': 640, 'url': 'https://i.scdn.co/image/ab6761610000e5ebeddbb664c4723f268a60d8c1', 'width': 640}, {'height': 320, 'url': 'https://i.scdn.co/image/ab67616100005174eddbb664c4723f268a60d8c1', 'width': 320}, {'height': 160, 'url': 'https://i.scdn.co/image/ab6761610000f178eddbb664c4723f268a60d8c1', 'width': 160}], 'name': 'Badshah', 'popularity': 74, 'type': 'artist', 'uri': 'spotify:artist:0y59o4v8uw5crbN9M3JiL1'}",Badshah,74,"['desi hip hop', 'desi trap', 'filmi', 'modern bollywood']",63,Ek Tha Raja
7,0.468,0.658,2,-7.6,1,0.0668,0.81,0.0333,0.12,0.534,87.607,audio_features,6EivvaEepVTjmDde43eGiB,spotify:track:6EivvaEepVTjmDde43eGiB,https://api.spotify.com/v1/tracks/6EivvaEepVTjmDde43eGiB,https://api.spotify.com/v1/audio-analysis/6EivvaEepVTjmDde43eGiB,246989,4,spotify:track:6EivvaEepVTjmDde43eGiB,"Ve Kamleya (From ""Rocky Aur Rani Kii Prem Kahaani"")","{'external_urls': {'spotify': 'https://open.spotify.com/artist/1wRPtKGflJrBx9BmLsSwlU'}, 'followers': {'href': None, 'total': 30922388}, 'genres': ['filmi', 'indian instrumental', 'modern bollywood'], 'href': 'https://api.spotify.com/v1/artists/1wRPtKGflJrBx9BmLsSwlU', 'id': '1wRPtKGflJrBx9BmLsSwlU', 'images': [{'height': 640, 'url': 'https://i.scdn.co/image/ab6761610000e5ebcb6926f44f620555ba444fca', 'width': 640}, {'height': 320, 'url': 'https://i.scdn.co/image/ab67616100005174cb6926f44f620555ba444fca', 'width': 320}, {'height': 160, 'url': 'https://i.scdn.co/image/ab6761610000f178cb6926f44f620555ba444fca', 'width': 160}], 'name': 'Pritam', 'popularity': 83, 'type': 'artist', 'uri': 'spotify:artist:1wRPtKGflJrBx9BmLsSwlU'}",Pritam,83,"['filmi', 'indian instrumental', 'modern bollywood']",74,"Ve Kamleya (From ""Rocky Aur Rani Kii Prem Kahaani"")"
8,0.413,0.406,10,-10.23,0,0.0353,0.768,2.22e-06,0.107,0.281,76.944,audio_features,7yDHHVKLbvDmVw1XXhDDIO,spotify:track:7yDHHVKLbvDmVw1XXhDDIO,https://api.spotify.com/v1/tracks/7yDHHVKLbvDmVw1XXhDDIO,https://api.spotify.com/v1/audio-analysis/7yDHHVKLbvDmVw1XXhDDIO,250158,4,spotify:track:7yDHHVKLbvDmVw1XXhDDIO,Pehle Bhi Main,"{'external_urls': {'spotify': 'https://open.spotify.com/artist/5wJ1H6ud777odtZl5gG507'}, 'followers': {'href': None, 'total': 2403509}, 'genres': ['desi pop', 'filmi', 'modern bollywood'], 'href': 'https://api.spotify.com/v1/artists/5wJ1H6ud777odtZl5gG507', 'id': '5wJ1H6ud777odtZl5gG507', 'images': [{'height': 640, 'url': 'https://i.scdn.co/image/ab6761610000e5ebfb13d10be20fdcb5a670f551', 'width': 640}, {'height': 320, 'url': 'https://i.scdn.co/image/ab67616100005174fb13d10be20fdcb5a670f551', 'width': 320}, {'height': 160, 'url': 'https://i.scdn.co/image/ab6761610000f178fb13d10be20fdcb5a670f551', 'width': 160}], 'name': 'Vishal Mishra', 'popularity': 73, 'type': 'artist', 'uri': 'spotify:artist:5wJ1H6ud777odtZl5gG507'}",Vishal Mishra,73,"['desi pop', 'filmi', 'modern bollywood']",84,ANIMAL
9,0.575,0.845,0,-5.28,1,0.0852,0.393,0.0107,0.131,0.439,95.047,audio_features,4nc6XiUze2Yh7wFueGOPv7,spotify:track:4nc6XiUze2Yh7wFueGOPv7,https://api.spotify.com/v1/tracks/4nc6XiUze2Yh7wFueGOPv7,https://api.spotify.com/v1/audio-analysis/4nc6XiUze2Yh7wFueGOPv7,200374,4,spotify:track:4nc6XiUze2Yh7wFueGOPv7,"Chaleya (From ""Jawan"")","{'external_urls': {'spotify': 'https://open.spotify.com/artist/4zCH9qm4R2DADamUHMCa6O'}, 'followers': {'href': None, 'total': 28371419}, 'genres': ['desi hip hop', 'filmi', 'tamil hip hop'], 'href': 'https://api.spotify.com/v1/artists/4zCH9qm4R2DADamUHMCa6O', 'id': '4zCH9qm4R2DADamUHMCa6O', 'images': [{'height': 640, 'url': 'https://i.scdn.co/image/ab6761610000e5ebfc7c542c04b5f7dc8f1b1c16', 'width': 640}, {'height': 320, 'url': 'https://i.scdn.co/image/ab67616100005174fc7c542c04b5f7dc8f1b1c16', 'width': 320}, {'height': 160, 'url': 'https://i.scdn.co/image/ab6761610000f178fc7c542c04b5f7dc8f1b1c16', 'width': 160}], 'name': 'Anirudh Ravichander', 'popularity': 79, 'type': 'artist', 'uri': 'spotify:artist:4zCH9qm4R2DADamUHMCa6O'}",Anirudh Ravichander,79,"['desi hip hop', 'filmi', 'tamil hip hop']",76,"Chaleya (From ""Jawan"")"
10,0.616,0.669,1,-6.836,1,0.0349,0.562,0.0,0.177,0.475,116.973,audio_features,0qQ4IdhjzNr0gJhdMTf2n3,spotify:track:0qQ4IdhjzNr0gJhdMTf2n3,https://api.spotify.com/v1/tracks/0qQ4IdhjzNr0gJhdMTf2n3,https://api.spotify.com/v1/audio-analysis/0qQ4IdhjzNr0gJhdMTf2n3,233453,4,spotify:track:0qQ4IdhjzNr0gJhdMTf2n3,"O Maahi (From ""Dunki"")","{'external_urls': {'spotify': 'https://open.spotify.com/artist/1wRPtKGflJrBx9BmLsSwlU'}, 'followers': {'href': None, 'total': 30922388}, 'genres': ['filmi', 'indian instrumental', 'modern bollywood'], 'href': 'https://api.spotify.com/v1/artists/1wRPtKGflJrBx9BmLsSwlU', 'id': '1wRPtKGflJrBx9BmLsSwlU', 'images': [{'height': 640, 'url': 'https://i.scdn.co/image/ab6761610000e5ebcb6926f44f620555ba444fca', 'width': 640}, {'height': 320, 'url': 'https://i.scdn.co/image/ab67616100005174cb6926f44f620555ba444fca', 'width': 320}, {'height': 160, 'url': 'https://i.scdn.co/image/ab6761610000f178cb6926f44f620555ba444fca', 'width': 160}], 'name': 'Pritam', 'popularity': 83, 'type': 'artist', 'uri': 'spotify:artist:1wRPtKGflJrBx9BmLsSwlU'}",Pritam,83,"['filmi', 'indian instrumental', 'modern bollywood']",77,"O Maahi (From ""Dunki"")"
11,0.66,0.603,10,-7.922,1,0.106,0.63,0.0,0.0892,0.58,80.871,audio_features,1pbj0csFgmhGh7AuSMsOCZ,spotify:track:1pbj0csFgmhGh7AuSMsOCZ,https://api.spotify.com/v1/tracks/1pbj0csFgmhGh7AuSMsOCZ,https://api.spotify.com/v1/audio-analysis/1pbj0csFgmhGh7AuSMsOCZ,258148,4,spotify:track:1pbj0csFgmhGh7AuSMsOCZ,Tu Kya Jaane,"{'external_urls': {'spotify': 'https://open.spotify.com/artist/0lve5IC1Fy0kxyzy8deBih'}, 'followers': {'href': None, 'total': 9860}, 'genres': ['gujarati pop'], 'href': 'https://api.spotify.com/v1/artists/0lve5IC1Fy0kxyzy8deBih', 'id': '0lve5IC1Fy0kxyzy8deBih', 'images': [{'height': 640, 'url': 'https://i.scdn.co/image/ab6761610000e5ebaa8ac3bdbd2c9faec13b4352', 'width': 640}, {'height': 320, 'url': 'https://i.scdn.co/image/ab67616100005174aa8ac3bdbd2c9faec13b4352', 'width': 320}, {'height': 160, 'url': 'https://i.scdn.co/image/ab6761610000f178aa8ac3bdbd2c9faec13b4352', 'width': 160}], 'name': 'Yashika Sikka', 'popularity': 51, 'type': 'artist', 'uri': 'spotify:artist:0lve5IC1Fy0kxyzy8deBih'}",Yashika Sikka,51,['gujarati pop'],67,Amar Singh Chamkila
12,0.527,0.376,5,-9.974,1,0.0298,0.682,0.0,0.142,0.24,151.928,audio_features,0TL0LFcwIBF5eX7arDIKxY,spotify:track:0TL0LFcwIBF5eX7arDIKxY,https://api.spotify.com/v1/tracks/0TL0LFcwIBF5eX7arDIKxY,https://api.spotify.com/v1/audio-analysis/0TL0LFcwIBF5eX7arDIKxY,217895,4,spotify:track:0TL0LFcwIBF5eX7arDIKxY,Husn,"{'external_urls': {'spotify': 'https://open.spotify.com/artist/4gdMJYnopf2nEUcanAwstx'}, 'followers': {'href': None, 'total': 2014158}, 'genres': ['desi pop', 'hindi indie', 'indian indie', 'indian singer-songwriter'], 'href': 'https://api.spotify.com/v1/artists/4gdMJYnopf2nEUcanAwstx', 'id': '4gdMJYnopf2nEUcanAwstx', 'images': [{'height': 640, 'url': 'https://i.scdn.co/image/ab6761610000e5eba837a6cb82dd949d5e1f9b53', 'width': 640}, {'height': 320, 'url': 'https://i.scdn.co/image/ab67616100005174a837a6cb82dd949d5e1f9b53', 'width': 320}, {'height': 160, 'url': 'https://i.scdn.co/image/ab6761610000f178a837a6cb82dd949d5e1f9b53', 'width': 160}], 'name': 'Anuv Jain', 'popularity': 67, 'type': 'artist', 'uri': 'spotify:artist:4gdMJYnopf2nEUcanAwstx'}",Anuv Jain,67,"['desi pop', 'hindi indie', 'indian indie', 'indian singer-songwriter']",82,Husn
13,0.306,0.197,10,-11.794,1,0.0355,0.951,3.3e-05,0.1,0.541,175.347,audio_features,60nxFG3LCviPvdTX5JU2iB,spotify:track:60nxFG3LCviPvdTX5JU2iB,https://api.spotify.com/v1/tracks/60nxFG3LCviPvdTX5JU2iB,https://api.spotify.com/v1/audio-analysis/60nxFG3LCviPvdTX5JU2iB,270218,4,spotify:track:60nxFG3LCviPvdTX5JU2iB,Vida Karo,"{'external_urls': {'spotify': 'https://open.spotify.com/artist/4YRxDV8wJFPHPTeXepOstw'}, 'followers': {'href': None, 'total': 108520198}, 'genres': ['filmi', 'modern bollywood'], 'href': 'https://api.spotify.com/v1/artists/4YRxDV8wJFPHPTeXepOstw', 'id': '4YRxDV8wJFPHPTeXepOstw', 'images': [{'height': 640, 'url': 'https://i.scdn.co/image/ab6761610000e5eb0261696c5df3be99da6ed3f3', 'width': 640}, {'height': 320, 'url': 'https://i.scdn.co/image/ab676161000051740261696c5df3be99da6ed3f3', 'width': 320}, {'height': 160, 'url': 'https://i.scdn.co/image/ab6761610000f1780261696c5df3be99da6ed3f3', 'width': 160}], 'name': 'Arijit Singh', 'popularity': 86, 'type': 'artist', 'uri': 'spotify:artist:4YRxDV8wJFPHPTeXepOstw'}",Arijit Singh,86,"['filmi', 'modern bollywood']",70,Amar Singh Chamkila
14,0.728,0.494,6,-9.628,0,0.0256,0.516,0.00384,0.0759,0.558,105.007,audio_features,5PUXKVVVQ74C3gl5vKy9Li,spotify:track:5PUXKVVVQ74C3gl5vKy9Li,https://api.spotify.com/v1/tracks/5PUXKVVVQ74C3gl5vKy9Li,https://api.spotify.com/v1/audio-analysis/5PUXKVVVQ74C3gl5vKy9Li,194857,4,spotify:track:5PUXKVVVQ74C3gl5vKy9Li,Heeriye (feat. Arijit Singh),"{'external_urls': {'spotify': 'https://open.spotify.com/artist/74OaRjmyh0XyRZsQQQ5l7c'}, 'followers': {'href': None, 'total': 1868031}, 'genres': ['desi pop', 'filmi', 'indian singer-songwriter', 'modern bollywood'], 'href': 'https://api.spotify.com/v1/artists/74OaRjmyh0XyRZsQQQ5l7c', 'id': '74OaRjmyh0XyRZsQQQ5l7c', 'images': [{'height': 640, 'url': 'https://i.scdn.co/image/ab6761610000e5eb654603f76991dc1275e67d39', 'width': 640}, {'height': 320, 'url': 'https://i.scdn.co/image/ab67616100005174654603f76991dc1275e67d39', 'width': 320}, {'height': 160, 'url': 'https://i.scdn.co/image/ab6761610000f178654603f76991dc1275e67d39', 'width': 160}], 'name': 'Jasleen Royal', 'popularity': 66, 'type': 'artist', 'uri': 'spotify:artist:74OaRjmyh0XyRZsQQQ5l7c'}",Jasleen Royal,66,"['desi pop', 'filmi', 'indian singer-songwriter', 'modern bollywood']",80,Heeriye (feat. Arijit Singh)
15,0.612,0.595,10,-6.356,1,0.0331,0.68,1.11e-06,0.104,0.435,99.991,audio_features,2ceeTJAzKy295Fm0VsaXtE,spotify:track:2ceeTJAzKy295Fm0VsaXtE,https://api.spotify.com/v1/tracks/2ceeTJAzKy295Fm0VsaXtE,https://api.spotify.com/v1/audio-analysis/2ceeTJAzKy295Fm0VsaXtE,264090,4,spotify:track:2ceeTJAzKy295Fm0VsaXtE,"Tum Se (From ""Teri Baaton Mein Aisa Uljha Jiya"")","{'external_urls': {'spotify': 'https://open.spotify.com/artist/1mBydYMVBECdDmMfE2sEUO'}, 'followers': {'href': None, 'total': 2172285}, 'genres': ['filmi', 'gujarati pop', 'modern bollywood'], 'href': 'https://api.spotify.com/v1/artists/1mBydYMVBECdDmMfE2sEUO', 'id': '1mBydYMVBECdDmMfE2sEUO', 'images': [{'height': 640, 'url': 'https://i.scdn.co/image/ab6761610000e5eba038d7d87f8577bbb9686bd3', 'width': 640}, {'height': 320, 'url': 'https://i.scdn.co/image/ab67616100005174a038d7d87f8577bbb9686bd3', 'width': 320}, {'height': 160, 'url': 'https://i.scdn.co/image/ab6761610000f178a038d7d87f8577bbb9686bd3', 'width': 160}], 'name': 'Sachin-Jigar', 'popularity': 72, 'type': 'artist', 'uri': 'spotify:artist:1mBydYMVBECdDmMfE2sEUO'}",Sachin-Jigar,72,"['filmi', 'gujarati pop', 'modern bollywood']",75,"Tum Se (From ""Teri Baaton Mein Aisa Uljha Jiya"")"
16,0.744,0.885,5,-6.361,1,0.199,0.31,4.08e-06,0.0907,0.846,100.993,audio_features,1uCBFWAcZOJGAj1CFQHZDj,spotify:track:1uCBFWAcZOJGAj1CFQHZDj,https://api.spotify.com/v1/tracks/1uCBFWAcZOJGAj1CFQHZDj,https://api.spotify.com/v1/audio-analysis/1uCBFWAcZOJGAj1CFQHZDj,160396,4,spotify:track:1uCBFWAcZOJGAj1CFQHZDj,Daaku,"{'external_urls': {'spotify': 'https://open.spotify.com/artist/0y59o4v8uw5crbN9M3JiL1'}, 'followers': {'href': None, 'total': 26025889}, 'genres': ['desi hip hop', 'desi trap', 'filmi', 'modern bollywood'], 'href': 'https://api.spotify.com/v1/artists/0y59o4v8uw5crbN9M3JiL1', 'id': '0y59o4v8uw5crbN9M3JiL1', 'images': [{'height': 640, 'url': 'https://i.scdn.co/image/ab6761610000e5ebeddbb664c4723f268a60d8c1', 'width': 640}, {'height': 320, 'url': 'https://i.scdn.co/image/ab67616100005174eddbb664c4723f268a60d8c1', 'width': 320}, {'height': 160, 'url': 'https://i.scdn.co/image/ab6761610000f178eddbb664c4723f268a60d8c1', 'width': 160}], 'name': 'Badshah', 'popularity': 74, 'type': 'artist', 'uri': 'spotify:artist:0y59o4v8uw5crbN9M3JiL1'}",Badshah,74,"['desi hip hop', 'desi trap', 'filmi', 'modern bollywood']",71,Daaku
17,0.749,0.879,8,-3.588,1,0.0816,0.204,3.09e-05,0.808,0.847,100.039,audio_features,1ErMeReQpwGuroEk5zekr3,spotify:track:1ErMeReQpwGuroEk5zekr3,https://api.spotify.com/v1/tracks/1ErMeReQpwGuroEk5zekr3,https://api.spotify.com/v1/audio-analysis/1ErMeReQpwGuroEk5zekr3,173400,4,spotify:track:1ErMeReQpwGuroEk5zekr3,"Choli Ke Peeche (From ""Crew"")","{'external_urls': {'spotify': 'https://open.spotify.com/artist/2FKWNmZWDBZR4dE5KX4plR'}, 'followers': {'href': None, 'total': 19962923}, 'genres': ['filmi', 'modern bollywood', 'punjabi pop'], 'href': 'https://api.spotify.com/v1/artists/2FKWNmZWDBZR4dE5KX4plR', 'id': '2FKWNmZWDBZR4dE5KX4plR', 'images': [{'height': 640, 'url': 'https://i.scdn.co/image/ab6761610000e5ebfc043bea91ac91c222d235c9', 'width': 640}, {'height': 320, 'url': 'https://i.scdn.co/image/ab67616100005174fc043bea91ac91c222d235c9', 'width': 320}, {'height': 160, 'url': 'https://i.scdn.co/image/ab6761610000f178fc043bea91ac91c222d235c9', 'width': 160}], 'name': 'Diljit Dosanjh', 'popularity': 75, 'type': 'artist', 'uri': 'spotify:artist:2FKWNmZWDBZR4dE5KX4plR'}",Diljit Dosanjh,75,"['filmi', 'modern bollywood', 'punjabi pop']",72,"Choli Ke Peeche (From ""Crew"")"
18,0.617,0.715,2,-5.003,0,0.101,0.254,9.07e-06,0.0842,0.495,94.871,audio_features,4dvfxZKehPxpz3UZ7A5Fni,spotify:track:4dvfxZKehPxpz3UZ7A5Fni,https://api.spotify.com/v1/tracks/4dvfxZKehPxpz3UZ7A5Fni,https://api.spotify.com/v1/audio-analysis/4dvfxZKehPxpz3UZ7A5Fni,211869,4,spotify:track:4dvfxZKehPxpz3UZ7A5Fni,Yimmy Yimmy,"{'external_urls': {'spotify': 'https://open.spotify.com/artist/7gU9VyFRN3JWPJ5oHOil60'}, 'followers': {'href': None, 'total': 2508538}, 'genres': ['pop urbaine', 'r&b francais'], 'href': 'https://api.spotify.com/v1/artists/7gU9VyFRN3JWPJ5oHOil60', 'id': '7gU9VyFRN3JWPJ5oHOil60', 'images': [{'height': 640, 'url': 'https://i.scdn.co/image/ab6761610000e5eb986f5e1c6f66dc40537407c3', 'width': 640}, {'height': 320, 'url': 'https://i.scdn.co/image/ab67616100005174986f5e1c6f66dc40537407c3', 'width': 320}, {'height': 160, 'url': 'https://i.scdn.co/image/ab6761610000f178986f5e1c6f66dc40537407c3', 'width': 160}], 'name': 'Tayc', 'popularity': 71, 'type': 'artist', 'uri': 'spotify:artist:7gU9VyFRN3JWPJ5oHOil60'}",Tayc,71,"['pop urbaine', 'r&b francais']",75,Yimmy Yimmy
19,0.821,0.823,2,-5.455,1,0.1,0.235,0.0,0.207,0.479,107.953,audio_features,4uNxdQ1L4Xa52MWX864QhW,spotify:track:4uNxdQ1L4Xa52MWX864QhW,https://api.spotify.com/v1/tracks/4uNxdQ1L4Xa52MWX864QhW,https://api.spotify.com/v1/audio-analysis/4uNxdQ1L4Xa52MWX864QhW,213611,4,spotify:track:4uNxdQ1L4Xa52MWX864QhW,"What Jhumka ? (From ""Rocky Aur Rani Kii Prem Kahaani"")","{'external_urls': {'spotify': 'https://open.spotify.com/artist/1wRPtKGflJrBx9BmLsSwlU'}, 'followers': {'href': None, 'total': 30922388}, 'genres': ['filmi', 'indian instrumental', 'modern bollywood'], 'href': 'https://api.spotify.com/v1/artists/1wRPtKGflJrBx9BmLsSwlU', 'id': '1wRPtKGflJrBx9BmLsSwlU', 'images': [{'height': 640, 'url': 'https://i.scdn.co/image/ab6761610000e5ebcb6926f44f620555ba444fca', 'width': 640}, {'height': 320, 'url': 'https://i.scdn.co/image/ab67616100005174cb6926f44f620555ba444fca', 'width': 320}, {'height': 160, 'url': 'https://i.scdn.co/image/ab6761610000f178cb6926f44f620555ba444fca', 'width': 160}], 'name': 'Pritam', 'popularity': 83, 'type': 'artist', 'uri': 'spotify:artist:1wRPtKGflJrBx9BmLsSwlU'}",Pritam,83,"['filmi', 'indian instrumental', 'modern bollywood']",71,"What Jhumka ? (From ""Rocky Aur Rani Kii Prem Kahaani"")"
20,0.548,0.734,6,-6.413,1,0.0325,0.0576,0.000491,0.117,0.513,88.065,audio_features,4LzjjNaJfnbPtJFYfMC8dc,spotify:track:4LzjjNaJfnbPtJFYfMC8dc,https://api.spotify.com/v1/tracks/4LzjjNaJfnbPtJFYfMC8dc,https://api.spotify.com/v1/audio-analysis/4LzjjNaJfnbPtJFYfMC8dc,195682,4,spotify:track:4LzjjNaJfnbPtJFYfMC8dc,Saanware,"{'external_urls': {'spotify': 'https://open.spotify.com/artist/3TOhzLRYnkkul71yRBxIoM'}, 'followers': {'href': None, 'total': 574752}, 'genres': ['desi pop', 'filmi', 'modern bollywood'], 'href': 'https://api.spotify.com/v1/artists/3TOhzLRYnkkul71yRBxIoM', 'id': '3TOhzLRYnkkul71yRBxIoM', 'images': [{'height': 640, 'url': 'https://i.scdn.co/image/ab6761610000e5eb0b5162a71d6f7914c81e5a05', 'width': 640}, {'height': 320, 'url': 'https://i.scdn.co/image/ab676161000051740b5162a71d6f7914c81e5a05', 'width': 320}, {'height': 160, 'url': 'https://i.scdn.co/image/ab6761610000f1780b5162a71d6f7914c81e5a05', 'width': 160}], 'name': 'Akhil Sachdeva', 'popularity': 62, 'type': 'artist', 'uri': 'spotify:artist:3TOhzLRYnkkul71yRBxIoM'}",Akhil Sachdeva,62,"['desi pop', 'filmi', 'modern bollywood']",72,Saanware
21,0.721,0.659,0,-5.398,0,0.0863,0.0854,0.0,0.0858,0.719,171.975,audio_features,6TcZOEqYum5s3OWFZFYpBe,spotify:track:6TcZOEqYum5s3OWFZFYpBe,https://api.spotify.com/v1/tracks/6TcZOEqYum5s3OWFZFYpBe,https://api.spotify.com/v1/audio-analysis/6TcZOEqYum5s3OWFZFYpBe,273561,4,spotify:track:6TcZOEqYum5s3OWFZFYpBe,Ishq Mitaye,"{'external_urls': {'spotify': 'https://open.spotify.com/artist/5GnnSrwNCGyfAU4zuIytiS'}, 'followers': {'href': None, 'total': 8996488}, 'genres': ['filmi', 'modern bollywood'], 'href': 'https://api.spotify.com/v1/artists/5GnnSrwNCGyfAU4zuIytiS', 'id': '5GnnSrwNCGyfAU4zuIytiS', 'images': [{'height': 640, 'url': 'https://i.scdn.co/image/ab6761610000e5eb16691117e2ba803946b203ba', 'width': 640}, {'height': 320, 'url': 'https://i.scdn.co/image/ab6761610000517416691117e2ba803946b203ba', 'width': 320}, {'height': 160, 'url': 'https://i.scdn.co/image/ab6761610000f17816691117e2ba803946b203ba', 'width': 160}], 'name': 'Mohit Chauhan', 'popularity': 71, 'type': 'artist', 'uri': 'spotify:artist:5GnnSrwNCGyfAU4zuIytiS'}",Mohit Chauhan,71,"['filmi', 'modern bollywood']",65,Amar Singh Chamkila
22,0.747,0.535,4,-8.151,0,0.0454,0.119,0.611,0.111,0.479,101.055,audio_features,2lX53kXvYnvpV8Vqfe4S7s,spotify:track:2lX53kXvYnvpV8Vqfe4S7s,https://api.spotify.com/v1/tracks/2lX53kXvYnvpV8Vqfe4S7s,https://api.spotify.com/v1/audio-analysis/2lX53kXvYnvpV8Vqfe4S7s,154455,4,spotify:track:2lX53kXvYnvpV8Vqfe4S7s,Sadqay,"{'external_urls': {'spotify': 'https://open.spotify.com/artist/4Kd6rJWBl4KpwRYct9PFMo'}, 'followers': {'href': None, 'total': 21846}, 'genres': [], 'href': 'https://api.spotify.com/v1/artists/4Kd6rJWBl4KpwRYct9PFMo', 'id': '4Kd6rJWBl4KpwRYct9PFMo', 'images': [{'height': 640, 'url': 'https://i.scdn.co/image/ab6761610000e5eb98be6f9f99458df926a65296', 'width': 640}, {'height': 320, 'url': 'https://i.scdn.co/image/ab6761610000517498be6f9f99458df926a65296', 'width': 320}, {'height': 160, 'url': 'https://i.scdn.co/image/ab6761610000f17898be6f9f99458df926a65296', 'width': 160}], 'name': 'Aashir Wajahat', 'popularity': 56, 'type': 'artist', 'uri': 'spotify:artist:4Kd6rJWBl4KpwRYct9PFMo'}",Aashir Wajahat,56,[],77,Sadqay
23,0.382,0.5,3,-6.154,1,0.037,0.854,0.0,0.166,0.232,111.927,audio_features,1kTEGyqUJFgstwdgJFLqz1,spotify:track:1kTEGyqUJFgstwdgJFLqz1,https://api.spotify.com/v1/tracks/1kTEGyqUJFgstwdgJFLqz1,https://api.spotify.com/v1/audio-analysis/1kTEGyqUJFgstwdgJFLqz1,301036,4,spotify:track:1kTEGyqUJFgstwdgJFLqz1,"Dil Se Dil Tak (From ""Bawaal"")","{'external_urls': {'spotify': 'https://open.spotify.com/artist/1Taiu6ysv5t5sVhhMYYucf'}, 'followers': {'href': None, 'total': 9709}, 'genres': ['desi pop'], 'href': 'https://api.spotify.com/v1/artists/1Taiu6ysv5t5sVhhMYYucf', 'id': '1Taiu6ysv5t5sVhhMYYucf', 'images': [{'height': 640, 'url': 'https://i.scdn.co/image/ab6761610000e5eb2c6dafff6120606ba52ce2e7', 'width': 640}, {'height': 320, 'url': 'https://i.scdn.co/image/ab676161000051742c6dafff6120606ba52ce2e7', 'width': 320}, {'height': 160, 'url': 'https://i.scdn.co/image/ab6761610000f1782c6dafff6120606ba52ce2e7', 'width': 160}], 'name': 'Akashdeep Sengupta', 'popularity': 53, 'type': 'artist', 'uri': 'spotify:artist:1Taiu6ysv5t5sVhhMYYucf'}",Akashdeep Sengupta,53,['desi pop'],73,"Dil Se Dil Tak (From ""Bawaal"")"
24,0.708,0.356,1,-9.738,1,0.075,0.437,6.54e-05,0.112,0.569,83.679,audio_features,3zSSCPpLZ5Oc8nelhhGjKz,spotify:track:3zSSCPpLZ5Oc8nelhhGjKz,https://api.spotify.com/v1/tracks/3zSSCPpLZ5Oc8nelhhGjKz,https://api.spotify.com/v1/audio-analysis/3zSSCPpLZ5Oc8nelhhGjKz,263185,4,spotify:track:3zSSCPpLZ5Oc8nelhhGjKz,Tu hai kahan,"{'external_urls': {'spotify': 'https://open.spotify.com/artist/2cjQTf2J5yCaNY8qHpW855'}, 'followers': {'href': None, 'total': 519480}, 'genres': ['desi pop', 'urdu hip hop'], 'href': 'https://api.spotify.com/v1/artists/2cjQTf2J5yCaNY8qHpW855', 'id': '2cjQTf2J5yCaNY8qHpW855', 'images': [{'height': 640, 'url': 'https://i.scdn.co/image/ab6761610000e5eb694f35fb14a1a3a7b5b13f13', 'width': 640}, {'height': 320, 'url': 'https://i.scdn.co/image/ab67616100005174694f35fb14a1a3a7b5b13f13', 'width': 320}, {'height': 160, 'url': 'https://i.scdn.co/image/ab6761610000f178694f35fb14a1a3a7b5b13f13', 'width': 160}], 'name': 'AUR', 'popularity': 63, 'type': 'artist', 'uri': 'spotify:artist:2cjQTf2J5yCaNY8qHpW855'}",AUR,63,"['desi pop', 'urdu hip hop']",80,Tu hai kahan
25,0.579,0.473,10,-7.559,0,0.0411,0.752,0.0,0.0687,0.587,126.958,audio_features,11qnwt18ZckPqchzK2I3U7,spotify:track:11qnwt18ZckPqchzK2I3U7,https://api.spotify.com/v1/tracks/11qnwt18ZckPqchzK2I3U7,https://api.spotify.com/v1/audio-analysis/11qnwt18ZckPqchzK2I3U7,304134,4,spotify:track:11qnwt18ZckPqchzK2I3U7,Dil Jhoom,"{'external_urls': {'spotify': 'https://open.spotify.com/artist/09UmIX92EUH9hAK4bxvHx6'}, 'followers': {'href': None, 'total': 8377995}, 'genres': ['filmi', 'modern bollywood'], 'href': 'https://api.spotify.com/v1/artists/09UmIX92EUH9hAK4bxvHx6', 'id': '09UmIX92EUH9hAK4bxvHx6', 'images': [{'height': 640, 'url': 'https://i.scdn.co/image/ab6761610000e5eb9bd641ceb72d35b63fbb314a', 'width': 640}, {'height': 320, 'url': 'https://i.scdn.co/image/ab676161000051749bd641ceb72d35b63fbb314a', 'width': 320}, {'height': 160, 'url': 'https://i.scdn.co/image/ab6761610000f1789bd641ceb72d35b63fbb314a', 'width': 160}], 'name': 'Mithoon', 'popularity': 67, 'type': 'artist', 'uri': 'spotify:artist:09UmIX92EUH9hAK4bxvHx6'}",Mithoon,67,"['filmi', 'modern bollywood']",73,Gadar 2 (Original Motion Picture Soundtrack)
26,0.581,0.676,5,-7.7,1,0.0315,0.675,2.58e-06,0.358,0.458,101.973,audio_features,4vrpvlcDM3uze5PoOgZpoV,spotify:track:4vrpvlcDM3uze5PoOgZpoV,https://api.spotify.com/v1/tracks/4vrpvlcDM3uze5PoOgZpoV,https://api.spotify.com/v1/audio-analysis/4vrpvlcDM3uze5PoOgZpoV,239836,4,spotify:track:4vrpvlcDM3uze5PoOgZpoV,Dil Haareya,"{'external_urls': {'spotify': 'https://open.spotify.com/artist/4YRxDV8wJFPHPTeXepOstw'}, 'followers': {'href': None, 'total': 108520198}, 'genres': ['filmi', 'modern bollywood'], 'href': 'https://api.spotify.com/v1/artists/4YRxDV8wJFPHPTeXepOstw', 'id': '4YRxDV8wJFPHPTeXepOstw', 'images': [{'height': 640, 'url': 'https://i.scdn.co/image/ab6761610000e5eb0261696c5df3be99da6ed3f3', 'width': 640}, {'height': 320, 'url': 'https://i.scdn.co/image/ab676161000051740261696c5df3be99da6ed3f3', 'width': 320}, {'height': 160, 'url': 'https://i.scdn.co/image/ab6761610000f1780261696c5df3be99da6ed3f3', 'width': 160}], 'name': 'Arijit Singh', 'popularity': 86, 'type': 'artist', 'uri': 'spotify:artist:4YRxDV8wJFPHPTeXepOstw'}",Arijit Singh,86,"['filmi', 'modern bollywood']",67,Dil Haareya
27,0.515,0.475,0,-9.661,1,0.0351,0.782,0.0,0.164,0.674,81.835,audio_features,0YxKKO272sacGBJKjf6FnB,spotify:track:0YxKKO272sacGBJKjf6FnB,https://api.spotify.com/v1/tracks/0YxKKO272sacGBJKjf6FnB,https://api.spotify.com/v1/audio-analysis/0YxKKO272sacGBJKjf6FnB,182348,4,spotify:track:0YxKKO272sacGBJKjf6FnB,Saari Duniya Jalaa Denge,"{'external_urls': {'spotify': 'https://open.spotify.com/artist/5gZhfbckaWo89OzDSk3gdT'}, 'followers': {'href': None, 'total': 293848}, 'genres': ['desi pop', 'punjabi pop'], 'href': 'https://api.spotify.com/v1/artists/5gZhfbckaWo89OzDSk3gdT', 'id': '5gZhfbckaWo89OzDSk3gdT', 'images': [{'height': 640, 'url': 'https://i.scdn.co/image/ab6761610000e5ebd59c07af1ffa36f417ec33c0', 'width': 640}, {'height': 320, 'url': 'https://i.scdn.co/image/ab67616100005174d59c07af1ffa36f417ec33c0', 'width': 320}, {'height': 160, 'url': 'https://i.scdn.co/image/ab6761610000f178d59c07af1ffa36f417ec33c0', 'width': 160}], 'name': 'Jaani', 'popularity': 69, 'type': 'artist', 'uri': 'spotify:artist:5gZhfbckaWo89OzDSk3gdT'}",Jaani,69,"['desi pop', 'punjabi pop']",77,ANIMAL
28,0.712,0.675,3,-5.44,1,0.0923,0.121,1.22e-05,0.0955,0.545,95.0,audio_features,3iFYJMrRS0fLrwDNVbqNF0,spotify:track:3iFYJMrRS0fLrwDNVbqNF0,https://api.spotify.com/v1/tracks/3iFYJMrRS0fLrwDNVbqNF0,https://api.spotify.com/v1/audio-analysis/3iFYJMrRS0fLrwDNVbqNF0,171474,4,spotify:track:3iFYJMrRS0fLrwDNVbqNF0,Saajan Ve,"{'external_urls': {'spotify': 'https://open.spotify.com/artist/2GoeZ0qOTt6kjsWW4eA6LS'}, 'followers': {'href': None, 'total': 18921709}, 'genres': ['desi pop', 'filmi', 'gujarati pop', 'modern bollywood'], 'href': 'https://api.spotify.com/v1/artists/2GoeZ0qOTt6kjsWW4eA6LS', 'id': '2GoeZ0qOTt6kjsWW4eA6LS', 'images': [{'height': 640, 'url': 'https://i.scdn.co/image/ab6761610000e5ebe1e00861cdb6bf56b14a1118', 'width': 640}, {'height': 320, 'url': 'https://i.scdn.co/image/ab67616100005174e1e00861cdb6bf56b14a1118', 'width': 320}, {'height': 160, 'url': 'https://i.scdn.co/image/ab6761610000f178e1e00861cdb6bf56b14a1118', 'width': 160}], 'name': 'Darshan Raval', 'popularity': 73, 'type': 'artist', 'uri': 'spotify:artist:2GoeZ0qOTt6kjsWW4eA6LS'}",Darshan Raval,73,"['desi pop', 'filmi', 'gujarati pop', 'modern bollywood']",74,Saajan Ve
29,0.524,0.515,11,-7.478,0,0.0427,0.674,0.0,0.104,0.368,169.882,audio_features,0UZLaEOSIc5kg0cc7eszqC,spotify:track:0UZLaEOSIc5kg0cc7eszqC,https://api.spotify.com/v1/tracks/0UZLaEOSIc5kg0cc7eszqC,https://api.spotify.com/v1/audio-analysis/0UZLaEOSIc5kg0cc7eszqC,191647,4,spotify:track:0UZLaEOSIc5kg0cc7eszqC,Manjha,"{'external_urls': {'spotify': 'https://open.spotify.com/artist/5wJ1H6ud777odtZl5gG507'}, 'followers': {'href': None, 'total': 2403509}, 'genres': ['desi pop', 'filmi', 'modern bollywood'], 'href': 'https://api.spotify.com/v1/artists/5wJ1H6ud777odtZl5gG507', 'id': '5wJ1H6ud777odtZl5gG507', 'images': [{'height': 640, 'url': 'https://i.scdn.co/image/ab6761610000e5ebfb13d10be20fdcb5a670f551', 'width': 640}, {'height': 320, 'url': 'https://i.scdn.co/image/ab67616100005174fb13d10be20fdcb5a670f551', 'width': 320}, {'height': 160, 'url': 'https://i.scdn.co/image/ab6761610000f178fb13d10be20fdcb5a670f551', 'width': 160}], 'name': 'Vishal Mishra', 'popularity': 73, 'type': 'artist', 'uri': 'spotify:artist:5wJ1H6ud777odtZl5gG507'}",Vishal Mishra,73,"['desi pop', 'filmi', 'modern bollywood']",77,Manjha
30,0.645,0.611,1,-7.193,1,0.0409,0.433,0.0,0.0948,0.353,100.032,audio_features,26elzgFl8tvajnDfeoY1YF,spotify:track:26elzgFl8tvajnDfeoY1YF,https://api.spotify.com/v1/tracks/26elzgFl8tvajnDfeoY1YF,https://api.spotify.com/v1/audio-analysis/26elzgFl8tvajnDfeoY1YF,159600,4,spotify:track:26elzgFl8tvajnDfeoY1YF,Mannat,"{'external_urls': {'spotify': 'https://open.spotify.com/artist/2GoeZ0qOTt6kjsWW4eA6LS'}, 'followers': {'href': None, 'total': 18921709}, 'genres': ['desi pop', 'filmi', 'gujarati pop', 'modern bollywood'], 'href': 'https://api.spotify.com/v1/artists/2GoeZ0qOTt6kjsWW4eA6LS', 'id': '2GoeZ0qOTt6kjsWW4eA6LS', 'images': [{'height': 640, 'url': 'https://i.scdn.co/image/ab6761610000e5ebe1e00861cdb6bf56b14a1118', 'width': 640}, {'height': 320, 'url': 'https://i.scdn.co/image/ab67616100005174e1e00861cdb6bf56b14a1118', 'width': 320}, {'height': 160, 'url': 'https://i.scdn.co/image/ab6761610000f178e1e00861cdb6bf56b14a1118', 'width': 160}], 'name': 'Darshan Raval', 'popularity': 73, 'type': 'artist', 'uri': 'spotify:artist:2GoeZ0qOTt6kjsWW4eA6LS'}",Darshan Raval,73,"['desi pop', 'filmi', 'gujarati pop', 'modern bollywood']",77,Dard
31,0.741,0.735,10,-4.387,1,0.0351,0.527,0.0,0.358,0.812,113.911,audio_features,73K33p4Vyz9koXGqmL5eFs,spotify:track:73K33p4Vyz9koXGqmL5eFs,https://api.spotify.com/v1/tracks/73K33p4Vyz9koXGqmL5eFs,https://api.spotify.com/v1/audio-analysis/73K33p4Vyz9koXGqmL5eFs,161042,4,spotify:track:73K33p4Vyz9koXGqmL5eFs,Malang Sajna,"{'external_urls': {'spotify': 'https://open.spotify.com/artist/6WOdPJmexxFINcKMkP2jMG'}, 'followers': {'href': None, 'total': 3025140}, 'genres': ['desi pop', 'filmi', 'modern bhajan', 'modern bollywood'], 'href': 'https://api.spotify.com/v1/artists/6WOdPJmexxFINcKMkP2jMG', 'id': '6WOdPJmexxFINcKMkP2jMG', 'images': [{'height': 640, 'url': 'https://i.scdn.co/image/ab6761610000e5ebe34fad78221a2cb31da57946', 'width': 640}, {'height': 320, 'url': 'https://i.scdn.co/image/ab67616100005174e34fad78221a2cb31da57946', 'width': 320}, {'height': 160, 'url': 'https://i.scdn.co/image/ab6761610000f178e34fad78221a2cb31da57946', 'width': 160}], 'name': 'Sachet Tandon', 'popularity': 68, 'type': 'artist', 'uri': 'spotify:artist:6WOdPJmexxFINcKMkP2jMG'}",Sachet Tandon,68,"['desi pop', 'filmi', 'modern bhajan', 'modern bollywood']",77,Malang Sajna
32,0.655,0.803,9,-7.472,1,0.179,0.465,4.29e-05,0.0499,0.651,90.973,audio_features,2pIoyDWZV5OSW0xd6n41xV,spotify:track:2pIoyDWZV5OSW0xd6n41xV,https://api.spotify.com/v1/tracks/2pIoyDWZV5OSW0xd6n41xV,https://api.spotify.com/v1/audio-analysis/2pIoyDWZV5OSW0xd6n41xV,222998,4,spotify:track:2pIoyDWZV5OSW0xd6n41xV,Lutt Putt Gaya,"{'external_urls': {'spotify': 'https://open.spotify.com/artist/1wRPtKGflJrBx9BmLsSwlU'}, 'followers': {'href': None, 'total': 30922388}, 'genres': ['filmi', 'indian instrumental', 'modern bollywood'], 'href': 'https://api.spotify.com/v1/artists/1wRPtKGflJrBx9BmLsSwlU', 'id': '1wRPtKGflJrBx9BmLsSwlU', 'images': [{'height': 640, 'url': 'https://i.scdn.co/image/ab6761610000e5ebcb6926f44f620555ba444fca', 'width': 640}, {'height': 320, 'url': 'https://i.scdn.co/image/ab67616100005174cb6926f44f620555ba444fca', 'width': 320}, {'height': 160, 'url': 'https://i.scdn.co/image/ab6761610000f178cb6926f44f620555ba444fca', 'width': 160}], 'name': 'Pritam', 'popularity': 83, 'type': 'artist', 'uri': 'spotify:artist:1wRPtKGflJrBx9BmLsSwlU'}",Pritam,83,"['filmi', 'indian instrumental', 'modern bollywood']",68,Dunki
33,0.567,0.54,1,-5.754,1,0.0406,0.736,3.17e-05,0.164,0.331,92.027,audio_features,2ncqKdTj6dz7tWoTMMrAtq,spotify:track:2ncqKdTj6dz7tWoTMMrAtq,https://api.spotify.com/v1/tracks/2ncqKdTj6dz7tWoTMMrAtq,https://api.spotify.com/v1/audio-analysis/2ncqKdTj6dz7tWoTMMrAtq,181250,4,spotify:track:2ncqKdTj6dz7tWoTMMrAtq,Mahiye Jinna Sohna,"{'external_urls': {'spotify': 'https://open.spotify.com/artist/2GoeZ0qOTt6kjsWW4eA6LS'}, 'followers': {'href': None, 'total': 18921709}, 'genres': ['desi pop', 'filmi', 'gujarati pop', 'modern bollywood'], 'href': 'https://api.spotify.com/v1/artists/2GoeZ0qOTt6kjsWW4eA6LS', 'id': '2GoeZ0qOTt6kjsWW4eA6LS', 'images': [{'height': 640, 'url': 'https://i.scdn.co/image/ab6761610000e5ebe1e00861cdb6bf56b14a1118', 'width': 640}, {'height': 320, 'url': 'https://i.scdn.co/image/ab67616100005174e1e00861cdb6bf56b14a1118', 'width': 320}, {'height': 160, 'url': 'https://i.scdn.co/image/ab6761610000f178e1e00861cdb6bf56b14a1118', 'width': 160}], 'name': 'Darshan Raval', 'popularity': 73, 'type': 'artist', 'uri': 'spotify:artist:2GoeZ0qOTt6kjsWW4eA6LS'}",Darshan Raval,73,"['desi pop', 'filmi', 'gujarati pop', 'modern bollywood']",72,Mahiye Jinna Sohna
34,0.698,0.505,6,-8.242,0,0.0356,0.354,0.0,0.0995,0.396,95.868,audio_features,1418IuVKQPTYqt7QNJ9RXN,spotify:track:1418IuVKQPTYqt7QNJ9RXN,https://api.spotify.com/v1/tracks/1418IuVKQPTYqt7QNJ9RXN,https://api.spotify.com/v1/audio-analysis/1418IuVKQPTYqt7QNJ9RXN,194654,4,spotify:track:1418IuVKQPTYqt7QNJ9RXN,Maan Meri Jaan,"{'external_urls': {'spotify': 'https://open.spotify.com/artist/5NHm4TU5Twz7owibYxJfFU'}, 'followers': {'href': None, 'total': 8078119}, 'genres': ['desi pop', 'hindi hip hop'], 'href': 'https://api.spotify.com/v1/artists/5NHm4TU5Twz7owibYxJfFU', 'id': '5NHm4TU5Twz7owibYxJfFU', 'images': [{'height': 640, 'url': 'https://i.scdn.co/image/ab6761610000e5eb9a1bda7579dfad83313ae554', 'width': 640}, {'height': 320, 'url': 'https://i.scdn.co/image/ab676161000051749a1bda7579dfad83313ae554', 'width': 320}, {'height': 160, 'url': 'https://i.scdn.co/image/ab6761610000f1789a1bda7579dfad83313ae554', 'width': 160}], 'name': 'King', 'popularity': 67, 'type': 'artist', 'uri': 'spotify:artist:5NHm4TU5Twz7owibYxJfFU'}",King,67,"['desi pop', 'hindi hip hop']",77,Champagne Talk
35,0.371,0.664,5,-5.027,1,0.0318,0.566,2.54e-05,0.159,0.672,187.629,audio_features,54PRUdMOYzglMGnsg9kIta,spotify:track:54PRUdMOYzglMGnsg9kIta,https://api.spotify.com/v1/tracks/54PRUdMOYzglMGnsg9kIta,https://api.spotify.com/v1/audio-analysis/54PRUdMOYzglMGnsg9kIta,277021,3,spotify:track:54PRUdMOYzglMGnsg9kIta,"Hua Main (From ""ANIMAL"")","{'external_urls': {'spotify': 'https://open.spotify.com/artist/3qpyErDI4i90q5EGgSRmNK'}, 'followers': {'href': None, 'total': 103936}, 'genres': ['desi pop', 'indian singer-songwriter', 'modern bollywood'], 'href': 'https://api.spotify.com/v1/artists/3qpyErDI4i90q5EGgSRmNK', 'id': '3qpyErDI4i90q5EGgSRmNK', 'images': [{'height': 640, 'url': 'https://i.scdn.co/image/ab6761610000e5ebf16aafe18e9e1761a79eb406', 'width': 640}, {'height': 320, 'url': 'https://i.scdn.co/image/ab67616100005174f16aafe18e9e1761a79eb406', 'width': 320}, {'height': 160, 'url': 'https://i.scdn.co/image/ab6761610000f178f16aafe18e9e1761a79eb406', 'width': 160}], 'name': 'Raghav Chaitanya', 'popularity': 63, 'type': 'artist', 'uri': 'spotify:artist:3qpyErDI4i90q5EGgSRmNK'}",Raghav Chaitanya,63,"['desi pop', 'indian singer-songwriter', 'modern bollywood']",75,"Hua Main (From ""ANIMAL"")"
36,0.578,0.444,8,-11.447,0,0.0644,0.44,0.0,0.146,0.36,76.032,audio_features,0645eBDehHcqfiF15hscQV,spotify:track:0645eBDehHcqfiF15hscQV,https://api.spotify.com/v1/tracks/0645eBDehHcqfiF15hscQV,https://api.spotify.com/v1/audio-analysis/0645eBDehHcqfiF15hscQV,223390,4,spotify:track:0645eBDehHcqfiF15hscQV,"Janiye (from the Netflix Film ""Chor Nikal Ke Bhaga"")","{'external_urls': {'spotify': 'https://open.spotify.com/artist/5wJ1H6ud777odtZl5gG507'}, 'followers': {'href': None, 'total': 2403509}, 'genres': ['desi pop', 'filmi', 'modern bollywood'], 'href': 'https://api.spotify.com/v1/artists/5wJ1H6ud777odtZl5gG507', 'id': '5wJ1H6ud777odtZl5gG507', 'images': [{'height': 640, 'url': 'https://i.scdn.co/image/ab6761610000e5ebfb13d10be20fdcb5a670f551', 'width': 640}, {'height': 320, 'url': 'https://i.scdn.co/image/ab67616100005174fb13d10be20fdcb5a670f551', 'width': 320}, {'height': 160, 'url': 'https://i.scdn.co/image/ab6761610000f178fb13d10be20fdcb5a670f551', 'width': 160}], 'name': 'Vishal Mishra', 'popularity': 73, 'type': 'artist', 'uri': 'spotify:artist:5wJ1H6ud777odtZl5gG507'}",Vishal Mishra,73,"['desi pop', 'filmi', 'modern bollywood']",78,"Janiye (from the Netflix Film ""Chor Nikal Ke Bhaga"")"
37,0.528,0.435,5,-9.699,1,0.0347,0.705,2.98e-05,0.103,0.293,172.115,audio_features,2sT0eosuhBEkw8dz6qFxUo,spotify:track:2sT0eosuhBEkw8dz6qFxUo,https://api.spotify.com/v1/tracks/2sT0eosuhBEkw8dz6qFxUo,https://api.spotify.com/v1/audio-analysis/2sT0eosuhBEkw8dz6qFxUo,264934,4,spotify:track:2sT0eosuhBEkw8dz6qFxUo,Aise Kyun,"{'external_urls': {'spotify': 'https://open.spotify.com/artist/6hzngLO20cX5IGqT0hVv1G'}, 'followers': {'href': None, 'total': 23445}, 'genres': ['desi pop', 'modern bollywood'], 'href': 'https://api.spotify.com/v1/artists/6hzngLO20cX5IGqT0hVv1G', 'id': '6hzngLO20cX5IGqT0hVv1G', 'images': [{'height': 640, 'url': 'https://i.scdn.co/image/ab6761610000e5eb90a9f16b862b8d8efc4ab7aa', 'width': 640}, {'height': 320, 'url': 'https://i.scdn.co/image/ab6761610000517490a9f16b862b8d8efc4ab7aa', 'width': 320}, {'height': 160, 'url': 'https://i.scdn.co/image/ab6761610000f17890a9f16b862b8d8efc4ab7aa', 'width': 160}], 'name': 'Anurag Saikia', 'popularity': 54, 'type': 'artist', 'uri': 'spotify:artist:6hzngLO20cX5IGqT0hVv1G'}",Anurag Saikia,54,"['desi pop', 'modern bollywood']",70,Mismatched: Season 1 (Music from the Netflix Original Series)
38,0.691,0.709,9,-6.136,1,0.0301,0.359,0.0,0.149,0.395,102.012,audio_features,4u0D2jZ20wQaEMHBSqsDnZ,spotify:track:4u0D2jZ20wQaEMHBSqsDnZ,https://api.spotify.com/v1/tracks/4u0D2jZ20wQaEMHBSqsDnZ,https://api.spotify.com/v1/audio-analysis/4u0D2jZ20wQaEMHBSqsDnZ,226029,4,spotify:track:4u0D2jZ20wQaEMHBSqsDnZ,Tu Jaana Na Piya,"{'external_urls': {'spotify': 'https://open.spotify.com/artist/5NHm4TU5Twz7owibYxJfFU'}, 'followers': {'href': None, 'total': 8078119}, 'genres': ['desi pop', 'hindi hip hop'], 'href': 'https://api.spotify.com/v1/artists/5NHm4TU5Twz7owibYxJfFU', 'id': '5NHm4TU5Twz7owibYxJfFU', 'images': [{'height': 640, 'url': 'https://i.scdn.co/image/ab6761610000e5eb9a1bda7579dfad83313ae554', 'width': 640}, {'height': 320, 'url': 'https://i.scdn.co/image/ab676161000051749a1bda7579dfad83313ae554', 'width': 320}, {'height': 160, 'url': 'https://i.scdn.co/image/ab6761610000f1789a1bda7579dfad83313ae554', 'width': 160}], 'name': 'King', 'popularity': 67, 'type': 'artist', 'uri': 'spotify:artist:5NHm4TU5Twz7owibYxJfFU'}",King,67,"['desi pop', 'hindi hip hop']",74,NEW LIFE
39,0.762,0.717,7,-8.316,0,0.0372,0.315,1.87e-05,0.0914,0.958,109.996,audio_features,46hzNOUOAlivuCZZ0wE3zi,spotify:track:46hzNOUOAlivuCZZ0wE3zi,https://api.spotify.com/v1/tracks/46hzNOUOAlivuCZZ0wE3zi,https://api.spotify.com/v1/audio-analysis/46hzNOUOAlivuCZZ0wE3zi,189136,4,spotify:track:46hzNOUOAlivuCZZ0wE3zi,"Tere Vaaste (From ""Zara Hatke Zara Bachke"")","{'external_urls': {'spotify': 'https://open.spotify.com/artist/4gzrZDyL5gYiROkv27pYKx'}, 'followers': {'href': None, 'total': 37097}, 'genres': ['desi pop', 'modern bollywood'], 'href': 'https://api.spotify.com/v1/artists/4gzrZDyL5gYiROkv27pYKx', 'id': '4gzrZDyL5gYiROkv27pYKx', 'images': [{'height': 640, 'url': 'https://i.scdn.co/image/ab6761610000e5ebd629ae1298b7930b4bb02749', 'width': 640}, {'height': 320, 'url': 'https://i.scdn.co/image/ab67616100005174d629ae1298b7930b4bb02749', 'width': 320}, {'height': 160, 'url': 'https://i.scdn.co/image/ab6761610000f178d629ae1298b7930b4bb02749', 'width': 160}], 'name': 'Varun Jain', 'popularity': 59, 'type': 'artist', 'uri': 'spotify:artist:4gzrZDyL5gYiROkv27pYKx'}",Varun Jain,59,"['desi pop', 'modern bollywood']",70,"Tere Vaaste (From ""Zara Hatke Zara Bachke"")"
40,0.651,0.503,4,-8.729,1,0.0261,0.504,0.0,0.469,0.58,108.014,audio_features,7mSzDKajY2wUtstQSLdzMK,spotify:track:7mSzDKajY2wUtstQSLdzMK,https://api.spotify.com/v1/tracks/7mSzDKajY2wUtstQSLdzMK,https://api.spotify.com/v1/audio-analysis/7mSzDKajY2wUtstQSLdzMK,227962,4,spotify:track:7mSzDKajY2wUtstQSLdzMK,Rang Lageya,"{'external_urls': {'spotify': 'https://open.spotify.com/artist/5GnnSrwNCGyfAU4zuIytiS'}, 'followers': {'href': None, 'total': 8996488}, 'genres': ['filmi', 'modern bollywood'], 'href': 'https://api.spotify.com/v1/artists/5GnnSrwNCGyfAU4zuIytiS', 'id': '5GnnSrwNCGyfAU4zuIytiS', 'images': [{'height': 640, 'url': 'https://i.scdn.co/image/ab6761610000e5eb16691117e2ba803946b203ba', 'width': 640}, {'height': 320, 'url': 'https://i.scdn.co/image/ab6761610000517416691117e2ba803946b203ba', 'width': 320}, {'height': 160, 'url': 'https://i.scdn.co/image/ab6761610000f17816691117e2ba803946b203ba', 'width': 160}], 'name': 'Mohit Chauhan', 'popularity': 71, 'type': 'artist', 'uri': 'spotify:artist:5GnnSrwNCGyfAU4zuIytiS'}",Mohit Chauhan,71,"['filmi', 'modern bollywood']",72,Rang Lageya
41,0.271,0.726,7,-6.504,1,0.0527,0.586,0.0,0.353,0.532,87.425,audio_features,06LCamFUOtImIKi9mFRKiD,spotify:track:06LCamFUOtImIKi9mFRKiD,https://api.spotify.com/v1/tracks/06LCamFUOtImIKi9mFRKiD,https://api.spotify.com/v1/audio-analysis/06LCamFUOtImIKi9mFRKiD,277500,4,spotify:track:06LCamFUOtImIKi9mFRKiD,"Tum Kya Mile (From ""Rocky Aur Rani Kii Prem Kahaani"")","{'external_urls': {'spotify': 'https://open.spotify.com/artist/1wRPtKGflJrBx9BmLsSwlU'}, 'followers': {'href': None, 'total': 30922388}, 'genres': ['filmi', 'indian instrumental', 'modern bollywood'], 'href': 'https://api.spotify.com/v1/artists/1wRPtKGflJrBx9BmLsSwlU', 'id': '1wRPtKGflJrBx9BmLsSwlU', 'images': [{'height': 640, 'url': 'https://i.scdn.co/image/ab6761610000e5ebcb6926f44f620555ba444fca', 'width': 640}, {'height': 320, 'url': 'https://i.scdn.co/image/ab67616100005174cb6926f44f620555ba444fca', 'width': 320}, {'height': 160, 'url': 'https://i.scdn.co/image/ab6761610000f178cb6926f44f620555ba444fca', 'width': 160}], 'name': 'Pritam', 'popularity': 83, 'type': 'artist', 'uri': 'spotify:artist:1wRPtKGflJrBx9BmLsSwlU'}",Pritam,83,"['filmi', 'indian instrumental', 'modern bollywood']",74,"Tum Kya Mile (From ""Rocky Aur Rani Kii Prem Kahaani"")"
42,0.68,0.753,9,-5.492,0,0.0543,0.123,0.0,0.173,0.413,118.965,audio_features,2ZD4aIEepqZsdxPxLSuUhm,spotify:track:2ZD4aIEepqZsdxPxLSuUhm,https://api.spotify.com/v1/tracks/2ZD4aIEepqZsdxPxLSuUhm,https://api.spotify.com/v1/audio-analysis/2ZD4aIEepqZsdxPxLSuUhm,266095,4,spotify:track:2ZD4aIEepqZsdxPxLSuUhm,Tere Pyaar Mein,"{'external_urls': {'spotify': 'https://open.spotify.com/artist/1wRPtKGflJrBx9BmLsSwlU'}, 'followers': {'href': None, 'total': 30922388}, 'genres': ['filmi', 'indian instrumental', 'modern bollywood'], 'href': 'https://api.spotify.com/v1/artists/1wRPtKGflJrBx9BmLsSwlU', 'id': '1wRPtKGflJrBx9BmLsSwlU', 'images': [{'height': 640, 'url': 'https://i.scdn.co/image/ab6761610000e5ebcb6926f44f620555ba444fca', 'width': 640}, {'height': 320, 'url': 'https://i.scdn.co/image/ab67616100005174cb6926f44f620555ba444fca', 'width': 320}, {'height': 160, 'url': 'https://i.scdn.co/image/ab6761610000f178cb6926f44f620555ba444fca', 'width': 160}], 'name': 'Pritam', 'popularity': 83, 'type': 'artist', 'uri': 'spotify:artist:1wRPtKGflJrBx9BmLsSwlU'}",Pritam,83,"['filmi', 'indian instrumental', 'modern bollywood']",76,"Tere Pyaar Mein (From ""Tu Jhoothi Main Makkaar"")"
43,0.556,0.552,4,-5.875,1,0.0373,0.531,0.0,0.121,0.531,100.051,audio_features,5QW9K4A1gMnIi94YUxtsfM,spotify:track:5QW9K4A1gMnIi94YUxtsfM,https://api.spotify.com/v1/tracks/5QW9K4A1gMnIi94YUxtsfM,https://api.spotify.com/v1/audio-analysis/5QW9K4A1gMnIi94YUxtsfM,266075,4,spotify:track:5QW9K4A1gMnIi94YUxtsfM,"Phir Aur Kya Chahiye (From ""Zara Hatke Zara Bachke"")","{'external_urls': {'spotify': 'https://open.spotify.com/artist/1mBydYMVBECdDmMfE2sEUO'}, 'followers': {'href': None, 'total': 2172285}, 'genres': ['filmi', 'gujarati pop', 'modern bollywood'], 'href': 'https://api.spotify.com/v1/artists/1mBydYMVBECdDmMfE2sEUO', 'id': '1mBydYMVBECdDmMfE2sEUO', 'images': [{'height': 640, 'url': 'https://i.scdn.co/image/ab6761610000e5eba038d7d87f8577bbb9686bd3', 'width': 640}, {'height': 320, 'url': 'https://i.scdn.co/image/ab67616100005174a038d7d87f8577bbb9686bd3', 'width': 320}, {'height': 160, 'url': 'https://i.scdn.co/image/ab6761610000f178a038d7d87f8577bbb9686bd3', 'width': 160}], 'name': 'Sachin-Jigar', 'popularity': 72, 'type': 'artist', 'uri': 'spotify:artist:1mBydYMVBECdDmMfE2sEUO'}",Sachin-Jigar,72,"['filmi', 'gujarati pop', 'modern bollywood']",73,"Phir Aur Kya Chahiye (From ""Zara Hatke Zara Bachke"")"
44,0.59,0.458,5,-7.844,0,0.0266,0.379,1.82e-05,0.3,0.195,93.996,audio_features,04ChFQZCKl2yRcvc0VR7qN,spotify:track:04ChFQZCKl2yRcvc0VR7qN,https://api.spotify.com/v1/tracks/04ChFQZCKl2yRcvc0VR7qN,https://api.spotify.com/v1/audio-analysis/04ChFQZCKl2yRcvc0VR7qN,208933,4,spotify:track:04ChFQZCKl2yRcvc0VR7qN,Chale Jaana Phir (Humko Tere Bina),"{'external_urls': {'spotify': 'https://open.spotify.com/artist/6KozIqto3bkoQp4lksicOA'}, 'followers': {'href': None, 'total': 21898}, 'genres': ['desi pop'], 'href': 'https://api.spotify.com/v1/artists/6KozIqto3bkoQp4lksicOA', 'id': '6KozIqto3bkoQp4lksicOA', 'images': [{'height': 640, 'url': 'https://i.scdn.co/image/ab6761610000e5ebe05341aec4c39a8cda2992f1', 'width': 640}, {'height': 320, 'url': 'https://i.scdn.co/image/ab67616100005174e05341aec4c39a8cda2992f1', 'width': 320}, {'height': 160, 'url': 'https://i.scdn.co/image/ab6761610000f178e05341aec4c39a8cda2992f1', 'width': 160}], 'name': 'Denny', 'popularity': 54, 'type': 'artist', 'uri': 'spotify:artist:6KozIqto3bkoQp4lksicOA'}",Denny,54,['desi pop'],74,Chale Jaana Phir (Humko Tere Bina)
45,0.602,0.374,10,-9.849,0,0.0328,0.924,7.53e-06,0.084,0.388,101.855,audio_features,03hJuEQpEQERrHpjcXKWzJ,spotify:track:03hJuEQpEQERrHpjcXKWzJ,https://api.spotify.com/v1/tracks/03hJuEQpEQERrHpjcXKWzJ,https://api.spotify.com/v1/audio-analysis/03hJuEQpEQERrHpjcXKWzJ,305232,4,spotify:track:03hJuEQpEQERrHpjcXKWzJ,"Tumhe Kitna Pyaar Karte (From ""Bawaal"")","{'external_urls': {'spotify': 'https://open.spotify.com/artist/09UmIX92EUH9hAK4bxvHx6'}, 'followers': {'href': None, 'total': 8377995}, 'genres': ['filmi', 'modern bollywood'], 'href': 'https://api.spotify.com/v1/artists/09UmIX92EUH9hAK4bxvHx6', 'id': '09UmIX92EUH9hAK4bxvHx6', 'images': [{'height': 640, 'url': 'https://i.scdn.co/image/ab6761610000e5eb9bd641ceb72d35b63fbb314a', 'width': 640}, {'height': 320, 'url': 'https://i.scdn.co/image/ab676161000051749bd641ceb72d35b63fbb314a', 'width': 320}, {'height': 160, 'url': 'https://i.scdn.co/image/ab6761610000f1789bd641ceb72d35b63fbb314a', 'width': 160}], 'name': 'Mithoon', 'popularity': 67, 'type': 'artist', 'uri': 'spotify:artist:09UmIX92EUH9hAK4bxvHx6'}",Mithoon,67,"['filmi', 'modern bollywood']",69,"Tumhe Kitna Pyaar Karte (From ""Bawaal"")"
46,0.772,0.767,0,-4.792,1,0.0381,0.138,0.0,0.557,0.866,122.024,audio_features,2vPrBucKCfKmafHhSfJ2pt,spotify:track:2vPrBucKCfKmafHhSfJ2pt,https://api.spotify.com/v1/tracks/2vPrBucKCfKmafHhSfJ2pt,https://api.spotify.com/v1/audio-analysis/2vPrBucKCfKmafHhSfJ2pt,216271,4,spotify:track:2vPrBucKCfKmafHhSfJ2pt,"Pyaar Hota Kayi Baar Hai (From ""Tu Jhoothi Main Makkaar"")","{'external_urls': {'spotify': 'https://open.spotify.com/artist/1wRPtKGflJrBx9BmLsSwlU'}, 'followers': {'href': None, 'total': 30922388}, 'genres': ['filmi', 'indian instrumental', 'modern bollywood'], 'href': 'https://api.spotify.com/v1/artists/1wRPtKGflJrBx9BmLsSwlU', 'id': '1wRPtKGflJrBx9BmLsSwlU', 'images': [{'height': 640, 'url': 'https://i.scdn.co/image/ab6761610000e5ebcb6926f44f620555ba444fca', 'width': 640}, {'height': 320, 'url': 'https://i.scdn.co/image/ab67616100005174cb6926f44f620555ba444fca', 'width': 320}, {'height': 160, 'url': 'https://i.scdn.co/image/ab6761610000f178cb6926f44f620555ba444fca', 'width': 160}], 'name': 'Pritam', 'popularity': 83, 'type': 'artist', 'uri': 'spotify:artist:1wRPtKGflJrBx9BmLsSwlU'}",Pritam,83,"['filmi', 'indian instrumental', 'modern bollywood']",72,"Pyaar Hota Kayi Baar Hai (From ""Tu Jhoothi Main Makkaar"")"
47,0.569,0.642,9,-7.124,0,0.0342,0.318,0.0,0.0967,0.408,128.891,audio_features,51DEaelXeJJ6cFFYbX8Hal,spotify:track:51DEaelXeJJ6cFFYbX8Hal,https://api.spotify.com/v1/tracks/51DEaelXeJJ6cFFYbX8Hal,https://api.spotify.com/v1/audio-analysis/51DEaelXeJJ6cFFYbX8Hal,243953,4,spotify:track:51DEaelXeJJ6cFFYbX8Hal,Zihaal e Miskin,"{'external_urls': {'spotify': 'https://open.spotify.com/artist/2zvJLk0gTH7r7A5Q6X5Bq8'}, 'followers': {'href': None, 'total': 409298}, 'genres': ['desi pop', 'modern bollywood'], 'href': 'https://api.spotify.com/v1/artists/2zvJLk0gTH7r7A5Q6X5Bq8', 'id': '2zvJLk0gTH7r7A5Q6X5Bq8', 'images': [{'height': 640, 'url': 'https://i.scdn.co/image/ab6761610000e5eb8a40587c51625baf4a070c29', 'width': 640}, {'height': 320, 'url': 'https://i.scdn.co/image/ab676161000051748a40587c51625baf4a070c29', 'width': 320}, {'height': 160, 'url': 'https://i.scdn.co/image/ab6761610000f1788a40587c51625baf4a070c29', 'width': 160}], 'name': 'Javed-Mohsin', 'popularity': 60, 'type': 'artist', 'uri': 'spotify:artist:2zvJLk0gTH7r7A5Q6X5Bq8'}",Javed-Mohsin,60,"['desi pop', 'modern bollywood']",72,Zihaal e Miskin
48,0.557,0.599,9,-6.309,0,0.0447,0.556,1.22e-06,0.103,0.392,149.785,audio_features,3dpM3ijJz0vGzbkh5DcMXz,spotify:track:3dpM3ijJz0vGzbkh5DcMXz,https://api.spotify.com/v1/tracks/3dpM3ijJz0vGzbkh5DcMXz,https://api.spotify.com/v1/audio-analysis/3dpM3ijJz0vGzbkh5DcMXz,184312,4,spotify:track:3dpM3ijJz0vGzbkh5DcMXz,"Naseeb Se (From ""Satyaprem Ki Katha"")","{'external_urls': {'spotify': 'https://open.spotify.com/artist/6FtZhorjCMfkaVJ7kKdmq7'}, 'followers': {'href': None, 'total': 2618287}, 'genres': ['desi pop', 'filmi', 'modern bollywood'], 'href': 'https://api.spotify.com/v1/artists/6FtZhorjCMfkaVJ7kKdmq7', 'id': '6FtZhorjCMfkaVJ7kKdmq7', 'images': [{'height': 640, 'url': 'https://i.scdn.co/image/ab6761610000e5ebad471d68dd2bb62e7d0ebb49', 'width': 640}, {'height': 320, 'url': 'https://i.scdn.co/image/ab67616100005174ad471d68dd2bb62e7d0ebb49', 'width': 320}, {'height': 160, 'url': 'https://i.scdn.co/image/ab6761610000f178ad471d68dd2bb62e7d0ebb49', 'width': 160}], 'name': 'Payal Dev', 'popularity': 66, 'type': 'artist', 'uri': 'spotify:artist:6FtZhorjCMfkaVJ7kKdmq7'}",Payal Dev,66,"['desi pop', 'filmi', 'modern bollywood']",73,"Naseeb Se (From ""Satyaprem Ki Katha"")"
49,0.773,0.795,8,-5.537,0,0.0412,0.0587,0.00237,0.154,0.649,115.997,audio_features,0CtZpaOhtzvLV3FfcsVpQo,spotify:track:0CtZpaOhtzvLV3FfcsVpQo,https://api.spotify.com/v1/tracks/0CtZpaOhtzvLV3FfcsVpQo,https://api.spotify.com/v1/audio-analysis/0CtZpaOhtzvLV3FfcsVpQo,258474,4,spotify:track:0CtZpaOhtzvLV3FfcsVpQo,"Besharam Rang (From ""Pathaan"")","{'external_urls': {'spotify': 'https://open.spotify.com/artist/6Mv8GjQa7LKUGCAqa9qqdb'}, 'followers': {'href': None, 'total': 7105807}, 'genres': ['filmi', 'modern bollywood'], 'href': 'https://api.spotify.com/v1/artists/6Mv8GjQa7LKUGCAqa9qqdb', 'id': '6Mv8GjQa7LKUGCAqa9qqdb', 'images': [{'height': 640, 'url': 'https://i.scdn.co/image/ab6761610000e5eb90b6c3d093f9b02aad628eaf', 'width': 640}, {'height': 320, 'url': 'https://i.scdn.co/image/ab6761610000517490b6c3d093f9b02aad628eaf', 'width': 320}, {'height': 160, 'url': 'https://i.scdn.co/image/ab6761610000f17890b6c3d093f9b02aad628eaf', 'width': 160}], 'name': 'Vishal-Shekhar', 'popularity': 72, 'type': 'artist', 'uri': 'spotify:artist:6Mv8GjQa7LKUGCAqa9qqdb'}",Vishal-Shekhar,72,"['filmi', 'modern bollywood']",73,"Besharam Rang (From ""Pathaan"")"
